TransactionID,id_24
2987099,11.0
2987188,11.0
2988062,15.0
2988064,15.0
2988389,15.0
2988702,11.0
2988706,11.0
2988714,11.0
2988717,11.0
2988823,11.0
2989433,15.0
2989804,15.0
2990038,11.0
2990059,11.0
2990065,11.0
2990114,11.0
2990178,11.0
2990559,15.0
2990645,15.0
2990796,11.0
2990827,15.0
2990835,15.0
2990906,11.0
2990909,11.0
2990965,11.0
2991105,11.0
2991291,15.0
2991359,11.0
2991360,15.0
2991412,11.0
2991464,11.0
2991766,11.0
2992145,11.0
2992164,11.0
2992173,11.0
2992407,16.0
2992483,16.0
2992495,11.0
2992587,11.0
2992936,11.0
2993284,15.0
2993934,11.0
2994206,11.0
2995038,11.0
2995041,11.0
2995604,15.0
2996185,11.0
2996203,11.0
2996251,11.0
2996253,11.0
2996483,11.0
2996484,11.0
2996488,11.0
2996608,11.0
2997410,11.0
2997414,11.0
2997422,11.0
2997686,11.0
2997852,15.0
2998038,11.0
2998136,11.0
2998173,15.0
2998180,15.0
2998482,11.0
2999193,15.0
2999339,15.0
2999909,15.0
3000267,15.0
3000378,11.0
3000494,11.0
3000724,15.0
3000740,15.0
3000745,15.0
3000756,11.0
3000803,15.0
3000937,15.0
3001003,15.0
3001099,15.0
3001232,15.0
3001268,16.0
3001337,16.0
3001366,11.0
3001579,11.0
3001593,11.0
3001614,15.0
3001815,15.0
3001818,15.0
3001829,15.0
3001890,15.0
3001936,15.0
3001938,15.0
3001964,15.0
3002037,15.0
3002309,15.0
3002334,15.0
3002346,11.0
3002808,11.0
3002875,16.0
3002879,16.0
3003141,11.0
3003301,11.0
3003966,11.0
3003969,11.0
3004035,15.0
3004092,15.0
3004339,11.0
3004384,11.0
3004601,15.0
3004653,11.0
3004664,11.0
3004808,11.0
3004823,11.0
3004835,16.0
3004973,11.0
3004977,15.0
3005008,11.0
3005020,15.0
3005062,11.0
3005119,11.0
3005156,11.0
3005160,11.0
3005219,11.0
3005301,15.0
3005411,15.0
3005416,15.0
3005422,15.0
3005475,16.0
3005568,11.0
3005582,15.0
3005632,15.0
3005675,15.0
3005676,15.0
3005682,15.0
3005699,15.0
3005733,15.0
3005747,15.0
3005793,15.0
3005815,15.0
3005891,15.0
3005918,16.0
3005924,16.0
3005946,15.0
3006029,15.0
3006053,11.0
3006062,11.0
3006139,15.0
3006174,11.0
3006237,11.0
3006400,15.0
3006411,15.0
3006471,11.0
3006478,11.0
3006487,11.0
3006491,11.0
3006521,11.0
3006527,11.0
3006569,15.0
3006709,15.0
3006727,15.0
3006764,11.0
3007170,15.0
3007459,11.0
3007599,11.0
3007729,11.0
3007745,11.0
3008154,11.0
3008184,15.0
3008257,11.0
3008275,15.0
3008313,12.0
3008331,11.0
3008433,11.0
3008436,11.0
3008440,15.0
3008468,15.0
3008471,15.0
3008473,12.0
3008476,15.0
3008479,15.0
3008480,11.0
3008623,11.0
3008813,16.0
3008825,15.0
3008827,15.0
3008829,15.0
3008837,15.0
3008877,15.0
3008893,11.0
3009003,15.0
3009035,15.0
3009050,11.0
3009071,11.0
3009075,11.0
3009115,15.0
3009139,15.0
3009149,15.0
3009174,15.0
3009188,15.0
3009191,15.0
3009242,15.0
3009353,15.0
3009488,15.0
3009532,15.0
3009554,16.0
3009742,11.0
3009779,11.0
3010033,11.0
3010101,15.0
3010123,15.0
3010195,15.0
3010252,11.0
3010576,15.0
3011111,11.0
3011130,11.0
3011273,11.0
3011294,11.0
3011794,15.0
3011852,15.0
3011867,15.0
3011911,11.0
3011912,11.0
3011913,11.0
3011974,15.0
3012161,11.0
3012200,15.0
3012216,15.0
3012247,15.0
3012249,15.0
3012297,15.0
3012310,15.0
3012314,11.0
3012317,11.0
3012360,15.0
3012399,11.0
3012402,11.0
3012405,15.0
3012429,11.0
3012480,11.0
3012487,11.0
3012495,15.0
3012571,11.0
3012603,11.0
3012609,11.0
3012621,15.0
3012657,11.0
3012662,15.0
3012670,15.0
3012784,16.0
3012793,15.0
3012797,15.0
3012802,15.0
3012845,16.0
3012880,11.0
3012981,15.0
3012985,15.0
3013001,15.0
3013209,11.0
3013263,11.0
3013393,15.0
3013451,15.0
3013800,16.0
3013840,15.0
3014060,11.0
3014166,11.0
3014361,11.0
3014554,11.0
3014580,11.0
3015449,11.0
3015497,11.0
3015531,15.0
3015541,15.0
3015542,15.0
3015543,15.0
3015548,15.0
3015874,12.0
3015952,15.0
3016038,11.0
3016051,11.0
3016253,15.0
3016334,11.0
3016502,11.0
3016506,16.0
3016534,11.0
3016586,11.0
3016624,15.0
3016672,15.0
3016736,11.0
3016785,15.0
3016868,11.0
3016872,11.0
3016980,11.0
3017032,11.0
3017062,15.0
3017068,15.0
3017077,15.0
3017097,15.0
3017134,16.0
3017183,15.0
3017468,15.0
3017479,15.0
3017538,15.0
3017598,11.0
3017907,11.0
3018134,11.0
3018370,11.0
3018471,15.0
3018659,15.0
3019216,11.0
3019238,11.0
3019571,11.0
3019647,15.0
3019649,15.0
3019688,15.0
3019817,11.0
3019955,11.0
3019997,15.0
3020187,11.0
3020218,11.0
3020305,11.0
3020504,15.0
3020577,11.0
3020649,11.0
3020756,11.0
3020800,16.0
3020887,11.0
3020889,15.0
3020891,11.0
3020903,11.0
3020909,11.0
3020985,11.0
3021291,15.0
3021336,15.0
3021687,11.0
3021931,11.0
3022023,11.0
3022157,11.0
3022198,11.0
3022470,15.0
3022575,11.0
3022813,15.0
3023054,11.0
3023128,15.0
3023131,11.0
3023133,15.0
3023136,15.0
3023140,15.0
3023144,15.0
3023148,15.0
3023174,15.0
3023179,15.0
3023182,15.0
3023187,15.0
3023235,15.0
3023443,15.0
3023473,11.0
3023474,11.0
3023705,11.0
3023965,15.0
3024002,15.0
3024043,15.0
3024078,11.0
3024510,15.0
3024548,15.0
3024880,11.0
3024897,11.0
3024907,15.0
3024908,11.0
3024998,15.0
3025128,11.0
3025209,15.0
3025551,15.0
3025559,15.0
3025560,15.0
3025565,15.0
3025606,11.0
3025847,11.0
3026120,15.0
3026265,11.0
3026421,11.0
3026669,15.0
3026672,15.0
3026680,15.0
3026681,15.0
3026700,11.0
3026702,11.0
3026753,15.0
3026886,15.0
3026924,11.0
3026958,15.0
3027052,12.0
3027160,11.0
3027224,15.0
3027255,21.0
3027260,21.0
3027262,21.0
3027287,11.0
3027288,11.0
3027446,11.0
3027469,11.0
3027473,11.0
3027485,15.0
3027486,11.0
3027491,11.0
3027492,15.0
3027494,11.0
3027542,15.0
3027571,11.0
3027580,11.0
3027651,15.0
3027662,15.0
3027697,11.0
3027818,15.0
3027821,15.0
3027822,11.0
3027844,11.0
3027973,11.0
3027977,11.0
3028013,11.0
3028018,11.0
3028033,11.0
3028077,11.0
3028087,11.0
3028150,11.0
3028175,15.0
3028203,16.0
3028230,16.0
3028275,15.0
3028361,15.0
3028420,16.0
3028495,11.0
3028513,15.0
3028560,15.0
3028592,15.0
3028618,15.0
3028686,15.0
3028728,11.0
3028814,15.0
3028823,15.0
3028840,16.0
3028995,15.0
3029067,11.0
3029152,15.0
3029250,15.0
3029257,15.0
3029258,15.0
3029360,11.0
3029370,11.0
3029406,15.0
3029524,15.0
3029536,11.0
3029611,11.0
3029699,11.0
3029734,15.0
3029865,11.0
3029964,15.0
3030087,16.0
3030135,11.0
3030506,11.0
3030830,11.0
3030849,15.0
3031003,15.0
3031005,11.0
3031604,11.0
3031629,15.0
3031754,11.0
3031761,11.0
3031816,15.0
3031902,11.0
3031940,11.0
3032000,15.0
3032007,15.0
3032014,11.0
3032173,11.0
3032190,11.0
3032220,15.0
3032265,11.0
3032267,11.0
3032288,15.0
3032298,15.0
3032366,15.0
3032390,15.0
3032447,11.0
3032482,15.0
3032491,11.0
3032565,15.0
3032661,15.0
3032676,15.0
3032806,11.0
3032823,11.0
3032931,15.0
3033031,15.0
3033159,15.0
3033306,11.0
3033312,11.0
3033322,11.0
3033335,11.0
3033603,16.0
3033622,15.0
3033648,11.0
3033715,15.0
3033720,15.0
3033725,11.0
3033733,11.0
3033744,16.0
3033747,16.0
3033873,11.0
3033915,11.0
3034177,11.0
3034346,11.0
3034415,11.0
3034422,11.0
3034593,11.0
3034869,15.0
3034893,11.0
3034911,15.0
3035173,15.0
3035201,15.0
3035701,15.0
3035720,15.0
3035765,11.0
3035823,15.0
3035851,15.0
3035860,15.0
3035864,15.0
3036027,11.0
3036077,15.0
3036120,11.0
3036156,15.0
3036158,15.0
3036160,15.0
3036163,15.0
3036164,15.0
3036171,11.0
3036172,15.0
3036173,11.0
3036211,11.0
3036305,11.0
3036339,15.0
3036345,15.0
3036432,11.0
3036506,15.0
3036557,15.0
3036558,15.0
3036562,15.0
3036606,15.0
3036612,15.0
3036616,15.0
3036617,15.0
3036621,15.0
3036623,15.0
3036632,15.0
3036634,15.0
3036637,15.0
3036685,15.0
3036750,15.0
3036790,11.0
3036813,11.0
3036863,11.0
3036934,11.0
3037099,11.0
3037109,11.0
3037111,15.0
3037113,11.0
3037139,11.0
3037147,15.0
3037153,15.0
3037167,15.0
3037210,15.0
3037333,15.0
3037480,11.0
3037482,11.0
3037486,11.0
3037516,18.0
3037518,18.0
3037521,18.0
3037544,15.0
3037557,15.0
3037699,15.0
3037861,15.0
3037912,16.0
3037968,11.0
3038033,15.0
3038043,15.0
3038046,15.0
3038160,15.0
3038205,11.0
3038388,11.0
3038693,16.0
3038775,11.0
3038797,15.0
3039094,11.0
3039392,15.0
3039396,15.0
3039401,15.0
3039404,15.0
3039406,15.0
3039412,15.0
3039509,11.0
3039660,16.0
3039862,16.0
3039864,16.0
3039923,11.0
3039936,15.0
3039961,11.0
3039963,15.0
3039981,15.0
3040042,11.0
3040172,15.0
3040251,15.0
3040298,15.0
3040302,15.0
3040310,15.0
3040312,15.0
3040326,11.0
3040347,15.0
3040371,11.0
3040406,15.0
3040442,15.0
3040466,15.0
3040515,16.0
3040582,16.0
3040636,15.0
3040641,11.0
3040651,11.0
3040654,11.0
3040658,11.0
3040725,15.0
3040763,15.0
3040822,15.0
3040865,11.0
3040877,11.0
3040884,11.0
3040891,11.0
3040927,16.0
3040948,15.0
3040954,16.0
3040959,15.0
3040961,15.0
3040964,15.0
3040971,15.0
3040991,11.0
3041098,15.0
3041138,11.0
3041269,11.0
3041347,11.0
3041370,11.0
3041371,11.0
3041375,15.0
3041378,15.0
3041449,18.0
3041463,18.0
3041465,11.0
3041530,11.0
3041588,11.0
3041630,15.0
3041726,15.0
3041937,15.0
3042038,15.0
3042052,11.0
3042074,11.0
3042220,11.0
3042344,16.0
3042347,16.0
3042356,16.0
3042583,11.0
3042596,16.0
3042598,16.0
3042781,11.0
3042813,11.0
3042926,15.0
3043006,16.0
3043140,11.0
3043404,15.0
3043467,15.0
3043631,11.0
3043777,11.0
3043819,11.0
3043950,11.0
3043960,11.0
3043978,11.0
3044138,15.0
3044321,15.0
3044362,18.0
3044434,11.0
3044555,15.0
3044591,16.0
3044663,16.0
3044665,16.0
3044713,11.0
3044720,11.0
3044734,11.0
3044750,11.0
3044788,11.0
3044824,11.0
3044833,15.0
3044883,16.0
3044962,11.0
3044964,11.0
3044992,15.0
3045091,11.0
3045153,15.0
3045309,15.0
3045332,11.0
3045452,11.0
3045518,11.0
3045588,16.0
3045653,11.0
3045747,11.0
3045927,16.0
3045989,15.0
3046117,16.0
3046199,11.0
3046266,11.0
3046398,15.0
3046441,11.0
3046499,11.0
3046583,15.0
3046662,11.0
3046714,11.0
3046728,11.0
3046806,15.0
3046915,15.0
3046964,11.0
3047013,15.0
3047020,11.0
3047064,15.0
3047105,11.0
3047109,15.0
3047142,15.0
3047162,15.0
3047201,15.0
3047219,15.0
3047358,15.0
3047397,11.0
3047512,11.0
3047537,11.0
3047542,11.0
3047550,11.0
3047558,11.0
3047669,11.0
3047689,16.0
3047746,15.0
3047747,11.0
3047764,18.0
3047772,11.0
3047829,11.0
3047831,15.0
3047913,15.0
3048112,15.0
3048185,11.0
3048229,11.0
3048303,15.0
3048315,11.0
3048449,15.0
3048515,15.0
3048560,11.0
3048590,11.0
3048634,15.0
3048680,15.0
3048683,15.0
3048707,15.0
3048714,16.0
3048878,11.0
3048886,11.0
3048887,11.0
3048888,11.0
3048891,11.0
3048898,11.0
3048910,11.0
3049020,11.0
3049252,15.0
3049320,11.0
3049416,15.0
3049461,15.0
3049480,15.0
3049637,11.0
3049687,11.0
3049705,11.0
3049706,15.0
3049734,15.0
3049766,11.0
3049802,15.0
3049925,11.0
3050153,11.0
3050284,15.0
3050337,15.0
3050405,15.0
3050527,11.0
3050546,11.0
3050551,11.0
3050599,16.0
3050667,11.0
3050930,15.0
3051020,11.0
3051031,16.0
3051120,11.0
3051150,16.0
3051404,11.0
3051509,15.0
3051530,11.0
3051714,15.0
3051797,11.0
3052057,11.0
3052178,11.0
3052242,15.0
3052340,15.0
3052358,15.0
3052412,16.0
3052425,16.0
3052525,15.0
3052538,15.0
3052555,15.0
3052697,15.0
3052848,11.0
3052924,11.0
3052928,11.0
3052931,11.0
3052936,11.0
3053028,15.0
3053050,11.0
3053180,11.0
3053315,15.0
3053373,11.0
3053403,15.0
3053447,15.0
3053524,11.0
3053693,15.0
3053696,15.0
3053733,11.0
3053887,11.0
3054078,11.0
3054173,11.0
3054271,11.0
3054310,11.0
3054445,16.0
3054635,11.0
3054766,11.0
3054984,15.0
3055211,11.0
3055276,11.0
3055284,11.0
3055315,15.0
3055373,15.0
3055586,11.0
3055746,11.0
3055784,15.0
3055787,11.0
3055930,11.0
3055987,15.0
3056048,15.0
3056164,11.0
3056226,15.0
3056743,15.0
3057041,11.0
3057116,15.0
3057330,11.0
3057350,11.0
3057398,15.0
3057592,15.0
3057644,15.0
3057683,11.0
3057825,11.0
3057838,15.0
3057847,11.0
3057884,15.0
3057910,15.0
3058026,11.0
3058044,15.0
3058047,16.0
3058102,15.0
3058122,15.0
3058140,11.0
3058145,11.0
3058173,11.0
3058204,16.0
3058269,15.0
3058282,15.0
3058314,15.0
3058329,16.0
3058342,11.0
3058348,11.0
3058393,15.0
3058399,11.0
3058444,15.0
3058527,15.0
3058529,15.0
3058535,15.0
3058542,11.0
3058575,15.0
3058622,15.0
3058623,15.0
3058655,15.0
3058721,15.0
3058736,15.0
3058757,15.0
3058763,15.0
3058863,15.0
3058877,11.0
3058881,11.0
3058892,11.0
3058916,11.0
3058919,11.0
3058950,11.0
3058971,11.0
3059002,11.0
3059064,11.0
3059111,11.0
3059133,15.0
3059161,15.0
3059268,11.0
3059350,16.0
3059359,11.0
3059420,15.0
3059486,11.0
3059488,11.0
3059520,15.0
3059566,11.0
3059597,15.0
3059602,15.0
3059604,15.0
3059612,11.0
3059621,15.0
3059622,11.0
3059626,11.0
3059660,15.0
3059663,15.0
3059671,15.0
3059681,15.0
3059697,15.0
3059759,11.0
3059770,15.0
3059777,15.0
3059871,15.0
3059887,15.0
3059890,15.0
3059999,15.0
3060030,15.0
3060066,11.0
3060077,11.0
3060089,15.0
3060113,11.0
3060117,11.0
3060128,11.0
3060146,11.0
3060176,15.0
3060209,15.0
3060215,15.0
3060219,15.0
3060220,11.0
3060239,15.0
3060244,11.0
3060356,16.0
3060388,15.0
3060471,11.0
3060504,15.0
3060518,11.0
3060526,11.0
3060537,11.0
3060548,11.0
3060587,11.0
3060624,11.0
3060674,15.0
3060677,11.0
3060686,11.0
3060690,11.0
3060775,15.0
3060780,15.0
3060884,15.0
3061012,16.0
3061101,11.0
3061139,11.0
3061382,11.0
3061464,11.0
3061604,11.0
3061683,11.0
3061714,16.0
3061726,11.0
3061756,15.0
3061757,15.0
3061784,11.0
3061942,11.0
3062136,11.0
3062264,15.0
3062276,15.0
3062315,15.0
3062384,11.0
3062474,11.0
3062642,15.0
3063155,11.0
3063222,15.0
3063439,11.0
3063474,15.0
3063565,11.0
3063589,11.0
3063651,15.0
3063683,11.0
3063688,18.0
3063693,11.0
3063700,15.0
3063735,11.0
3063743,11.0
3063753,11.0
3063754,11.0
3063799,15.0
3063818,16.0
3063909,11.0
3063927,11.0
3064032,11.0
3064043,11.0
3064045,15.0
3064084,16.0
3064112,11.0
3064124,15.0
3064140,15.0
3064166,11.0
3064245,15.0
3064269,15.0
3064274,11.0
3064301,15.0
3064320,15.0
3064372,15.0
3064394,15.0
3064434,11.0
3064447,11.0
3064454,11.0
3064506,15.0
3064558,11.0
3064611,11.0
3064737,15.0
3064764,15.0
3064833,11.0
3064874,15.0
3064892,11.0
3064921,11.0
3064959,11.0
3065018,11.0
3065160,15.0
3065167,15.0
3065256,15.0
3065312,11.0
3065326,15.0
3065330,15.0
3065389,15.0
3065415,16.0
3065426,15.0
3065474,11.0
3065482,15.0
3065496,11.0
3065512,11.0
3065576,11.0
3065582,11.0
3065686,11.0
3065694,11.0
3065702,11.0
3065716,15.0
3065760,15.0
3065769,15.0
3065797,15.0
3065865,11.0
3065891,11.0
3066009,11.0
3066019,16.0
3066056,11.0
3066058,15.0
3066180,15.0
3066198,15.0
3066223,15.0
3066294,11.0
3066299,11.0
3066303,15.0
3066311,15.0
3066317,15.0
3066352,15.0
3066405,11.0
3066442,16.0
3066470,11.0
3066641,15.0
3066670,15.0
3066677,11.0
3066827,15.0
3066833,11.0
3067049,11.0
3067073,11.0
3067082,11.0
3067122,11.0
3067158,11.0
3067163,15.0
3067215,11.0
3067241,18.0
3067265,15.0
3067332,15.0
3067468,11.0
3067671,11.0
3067701,11.0
3067744,11.0
3067808,15.0
3067869,11.0
3068062,15.0
3068143,11.0
3068255,11.0
3068270,11.0
3068430,11.0
3068668,15.0
3068669,11.0
3068960,11.0
3069122,15.0
3069139,11.0
3069250,15.0
3069370,15.0
3069377,15.0
3069440,15.0
3069449,15.0
3069458,15.0
3069462,15.0
3069508,16.0
3069553,15.0
3069569,11.0
3069609,11.0
3069613,15.0
3069619,15.0
3069681,11.0
3069742,11.0
3069766,11.0
3069874,11.0
3069891,11.0
3069938,15.0
3069949,11.0
3069988,11.0
3070015,11.0
3070046,11.0
3070153,15.0
3070244,11.0
3070257,15.0
3070269,11.0
3070323,11.0
3070331,11.0
3070337,15.0
3070340,11.0
3070388,11.0
3070406,15.0
3070418,15.0
3070455,11.0
3070463,15.0
3070497,15.0
3070514,11.0
3070584,15.0
3070593,15.0
3070641,15.0
3070644,15.0
3070673,11.0
3070725,15.0
3070923,15.0
3070984,11.0
3071005,11.0
3071050,11.0
3071075,11.0
3071107,11.0
3071163,11.0
3071171,15.0
3071178,11.0
3071196,15.0
3071200,15.0
3071202,11.0
3071211,11.0
3071217,15.0
3071245,15.0
3071391,16.0
3071443,15.0
3071470,15.0
3071495,15.0
3071523,15.0
3071611,11.0
3071625,16.0
3071667,11.0
3071686,11.0
3071738,11.0
3071758,16.0
3071786,11.0
3071818,16.0
3072027,11.0
3072065,11.0
3072129,16.0
3072190,15.0
3072219,15.0
3072243,11.0
3072258,15.0
3072509,15.0
3072554,16.0
3072584,11.0
3072595,11.0
3072610,16.0
3072633,11.0
3072830,15.0
3072886,15.0
3072946,15.0
3073064,11.0
3073152,11.0
3073165,15.0
3073247,11.0
3073356,11.0
3073359,16.0
3073428,15.0
3073727,15.0
3073898,11.0
3073903,11.0
3074138,15.0
3074142,15.0
3074153,15.0
3074164,15.0
3074169,15.0
3074464,15.0
3074522,11.0
3074609,11.0
3074645,15.0
3074713,11.0
3074744,11.0
3074781,15.0
3074787,15.0
3074788,15.0
3074806,16.0
3074836,15.0
3074861,11.0
3074869,15.0
3074871,11.0
3074876,11.0
3074878,11.0
3074958,15.0
3074996,11.0
3075050,15.0
3075054,11.0
3075082,15.0
3075092,11.0
3075099,15.0
3075107,11.0
3075116,11.0
3075139,11.0
3075141,15.0
3075143,15.0
3075152,11.0
3075168,11.0
3075203,15.0
3075211,11.0
3075303,11.0
3075371,15.0
3075453,11.0
3075488,15.0
3075517,11.0
3075534,16.0
3075555,15.0
3075567,18.0
3075592,15.0
3075606,15.0
3075619,11.0
3075701,15.0
3075730,15.0
3075757,11.0
3075775,11.0
3075801,16.0
3075858,15.0
3075946,15.0
3076024,11.0
3076078,16.0
3076108,11.0
3076163,15.0
3076233,11.0
3076252,15.0
3076363,15.0
3076408,11.0
3076425,15.0
3076429,11.0
3076444,11.0
3076487,16.0
3076510,11.0
3076588,15.0
3076594,15.0
3076607,11.0
3076706,15.0
3076803,11.0
3076857,11.0
3076859,11.0
3076866,11.0
3076887,11.0
3076898,11.0
3076899,11.0
3076933,25.0
3076938,11.0
3076945,11.0
3076954,11.0
3076996,15.0
3077003,15.0
3077017,11.0
3077036,11.0
3077037,15.0
3077044,15.0
3077061,15.0
3077067,16.0
3077075,15.0
3077098,11.0
3077129,11.0
3077138,15.0
3077146,15.0
3077177,16.0
3077294,11.0
3077316,15.0
3077349,15.0
3077385,11.0
3077420,15.0
3077430,11.0
3077584,11.0
3077608,15.0
3077618,11.0
3077628,15.0
3077632,15.0
3077691,16.0
3077704,15.0
3077721,15.0
3077750,11.0
3077787,11.0
3077948,11.0
3077968,11.0
3077973,15.0
3078032,11.0
3078033,15.0
3078159,16.0
3078174,16.0
3078390,11.0
3078409,15.0
3078508,11.0
3078537,11.0
3078579,11.0
3078795,11.0
3078915,15.0
3079389,11.0
3079392,11.0
3079402,11.0
3079475,11.0
3079620,11.0
3079646,15.0
3079778,15.0
3079824,11.0
3079982,15.0
3080095,15.0
3080098,15.0
3080240,11.0
3080362,16.0
3080364,16.0
3080478,15.0
3080505,11.0
3080534,16.0
3080612,15.0
3080623,11.0
3080650,11.0
3080705,15.0
3080819,15.0
3080825,15.0
3080847,11.0
3080959,15.0
3081032,15.0
3081042,15.0
3081052,11.0
3081094,15.0
3081096,16.0
3081101,16.0
3081105,15.0
3081120,11.0
3081124,15.0
3081133,11.0
3081181,15.0
3081190,16.0
3081191,15.0
3081259,15.0
3081289,11.0
3081328,16.0
3081408,15.0
3081454,15.0
3081483,18.0
3081527,11.0
3081555,15.0
3081596,15.0
3081609,11.0
3081644,11.0
3081663,11.0
3081670,15.0
3081683,11.0
3081699,11.0
3081709,15.0
3081712,11.0
3081727,11.0
3081769,11.0
3081781,11.0
3081876,15.0
3081893,15.0
3082001,11.0
3082041,11.0
3082094,15.0
3082135,11.0
3082193,15.0
3082248,15.0
3082253,11.0
3082316,11.0
3082447,15.0
3082459,15.0
3082487,15.0
3082488,11.0
3082555,15.0
3082587,11.0
3082618,11.0
3082650,15.0
3082666,11.0
3082731,11.0
3082752,16.0
3082766,16.0
3082861,11.0
3082867,15.0
3082869,16.0
3082919,15.0
3082948,15.0
3082966,15.0
3082983,11.0
3082987,11.0
3083041,15.0
3083058,11.0
3083071,15.0
3083087,18.0
3083134,15.0
3083155,11.0
3083191,11.0
3083237,15.0
3083249,15.0
3083262,15.0
3083273,15.0
3083290,11.0
3083298,15.0
3083303,15.0
3083305,15.0
3083398,25.0
3083429,11.0
3083457,11.0
3083458,15.0
3083495,15.0
3083496,11.0
3083499,15.0
3083511,15.0
3083513,11.0
3083569,15.0
3083614,15.0
3083624,15.0
3083641,11.0
3083643,15.0
3083660,15.0
3083812,11.0
3083848,15.0
3083934,15.0
3083955,11.0
3084027,15.0
3084116,11.0
3084122,15.0
3084160,11.0
3084178,15.0
3084258,11.0
3084261,11.0
3084262,11.0
3084263,15.0
3084265,11.0
3084288,11.0
3084303,11.0
3084481,15.0
3084486,11.0
3084526,15.0
3084543,11.0
3084555,15.0
3084581,11.0
3084618,11.0
3084653,11.0
3084662,11.0
3084672,11.0
3084699,16.0
3084840,15.0
3084866,15.0
3085255,15.0
3085448,11.0
3085502,15.0
3085584,11.0
3085587,15.0
3085647,11.0
3085678,15.0
3085816,15.0
3085824,15.0
3085907,11.0
3085915,11.0
3085985,15.0
3086045,16.0
3086101,11.0
3086490,11.0
3086595,11.0
3086663,11.0
3086891,15.0
3086952,11.0
3086953,11.0
3086966,11.0
3087015,11.0
3087016,15.0
3087111,15.0
3087209,15.0
3087308,11.0
3087328,11.0
3087578,11.0
3087929,15.0
3087933,15.0
3087984,11.0
3088083,15.0
3088137,11.0
3088236,11.0
3088254,11.0
3088268,16.0
3088286,11.0
3088394,11.0
3088559,15.0
3088656,15.0
3088670,15.0
3088768,15.0
3088769,16.0
3088783,11.0
3088788,11.0
3088795,11.0
3088869,11.0
3088996,11.0
3089007,15.0
3089189,11.0
3089196,15.0
3089228,11.0
3089282,15.0
3089332,11.0
3089335,11.0
3089340,11.0
3089346,11.0
3089357,11.0
3089373,11.0
3089386,11.0
3089444,11.0
3089464,11.0
3089479,11.0
3089481,11.0
3089531,11.0
3089561,11.0
3089571,11.0
3089663,11.0
3089677,11.0
3089703,15.0
3089780,15.0
3089939,11.0
3090017,11.0
3090022,15.0
3090087,11.0
3090168,11.0
3090180,15.0
3090221,15.0
3090227,11.0
3090392,11.0
3090649,15.0
3090726,11.0
3090820,15.0
3090861,15.0
3090920,11.0
3090971,15.0
3091006,11.0
3091012,25.0
3091025,11.0
3091057,11.0
3091074,11.0
3091084,11.0
3091091,11.0
3091128,15.0
3091235,11.0
3091495,11.0
3091590,11.0
3091605,11.0
3091699,11.0
3091748,11.0
3091767,11.0
3091808,15.0
3091860,15.0
3091867,15.0
3092091,11.0
3092096,11.0
3092115,11.0
3092128,11.0
3092132,11.0
3092151,11.0
3092260,11.0
3092277,11.0
3092300,11.0
3092320,11.0
3092383,15.0
3092402,11.0
3092512,15.0
3092535,11.0
3092560,15.0
3092664,11.0
3092704,11.0
3092712,11.0
3092786,11.0
3092800,11.0
3093123,15.0
3093219,11.0
3093365,11.0
3093443,15.0
3093564,11.0
3093626,11.0
3093797,11.0
3093885,11.0
3093901,11.0
3093955,15.0
3093978,15.0
3093998,18.0
3094170,11.0
3094231,11.0
3094245,11.0
3094281,11.0
3094312,11.0
3094330,15.0
3094332,15.0
3094381,15.0
3094398,16.0
3094439,11.0
3094588,15.0
3094596,11.0
3094621,15.0
3094629,11.0
3094898,15.0
3094902,15.0
3094909,11.0
3095042,11.0
3095069,15.0
3095124,11.0
3095137,11.0
3095248,11.0
3095277,11.0
3095310,11.0
3095357,15.0
3095365,11.0
3095487,11.0
3095522,15.0
3095553,15.0
3095632,15.0
3095643,15.0
3095654,15.0
3095656,11.0
3095661,11.0
3095668,15.0
3095921,11.0
3095931,11.0
3095944,11.0
3095966,11.0
3096071,11.0
3096095,11.0
3096108,11.0
3096113,16.0
3096145,15.0
3096258,11.0
3096289,15.0
3096334,15.0
3096339,15.0
3096342,15.0
3096378,15.0
3096401,11.0
3096526,11.0
3096528,11.0
3096547,15.0
3096563,15.0
3096590,11.0
3096596,11.0
3096598,11.0
3096633,11.0
3096644,11.0
3096646,11.0
3096662,11.0
3096713,11.0
3096792,11.0
3096967,11.0
3096973,11.0
3096977,16.0
3097018,15.0
3097058,11.0
3097118,11.0
3097148,11.0
3097162,11.0
3097169,11.0
3097180,15.0
3097214,11.0
3097265,11.0
3097288,15.0
3097338,15.0
3097384,11.0
3097391,11.0
3097435,16.0
3097460,16.0
3097523,11.0
3097533,11.0
3097535,15.0
3097596,15.0
3097600,15.0
3097604,15.0
3097611,15.0
3097691,11.0
3097706,11.0
3097795,15.0
3097807,15.0
3097819,15.0
3097843,15.0
3097911,11.0
3097915,11.0
3098084,16.0
3098106,16.0
3098109,11.0
3098224,11.0
3098263,15.0
3098278,16.0
3098339,11.0
3098344,11.0
3098391,11.0
3098420,15.0
3098423,11.0
3098429,11.0
3098447,11.0
3098474,11.0
3098480,11.0
3098489,11.0
3098494,11.0
3098499,11.0
3098507,15.0
3098630,11.0
3098653,15.0
3098700,11.0
3098767,11.0
3098821,15.0
3098856,11.0
3098888,11.0
3098950,15.0
3098954,15.0
3098963,15.0
3098971,15.0
3098985,11.0
3099038,11.0
3099067,11.0
3099117,11.0
3099122,11.0
3099212,11.0
3099218,15.0
3099363,15.0
3099388,11.0
3099391,11.0
3099491,15.0
3099659,11.0
3099724,11.0
3099726,11.0
3099736,11.0
3099746,11.0
3099769,11.0
3099843,11.0
3099848,11.0
3100032,11.0
3100059,15.0
3100083,11.0
3100099,15.0
3100124,11.0
3100134,15.0
3100142,15.0
3100153,11.0
3100164,11.0
3100180,11.0
3100185,11.0
3100247,15.0
3100318,11.0
3100322,11.0
3100344,15.0
3100432,11.0
3100510,11.0
3100632,11.0
3100678,15.0
3100734,11.0
3100741,11.0
3100833,15.0
3100837,15.0
3100891,11.0
3100917,11.0
3100952,11.0
3100981,11.0
3100996,11.0
3101009,11.0
3101034,11.0
3101038,11.0
3101094,15.0
3101100,11.0
3101230,15.0
3101238,15.0
3101293,11.0
3101301,11.0
3101312,11.0
3101322,11.0
3101329,11.0
3101331,11.0
3101349,11.0
3101359,11.0
3101418,15.0
3101426,15.0
3101435,15.0
3101491,11.0
3101575,11.0
3101628,11.0
3101706,11.0
3101737,11.0
3101749,11.0
3101764,11.0
3101767,11.0
3101769,15.0
3101794,11.0
3101819,15.0
3101902,15.0
3101905,11.0
3101907,15.0
3101912,15.0
3101914,15.0
3101922,15.0
3101949,11.0
3101975,15.0
3101989,11.0
3102025,11.0
3102052,11.0
3102065,11.0
3102074,11.0
3102096,11.0
3102132,15.0
3102178,15.0
3102190,11.0
3102211,15.0
3102239,11.0
3102396,11.0
3102419,15.0
3102426,15.0
3102435,15.0
3102451,11.0
3102456,11.0
3102525,11.0
3102653,11.0
3102657,11.0
3102750,11.0
3102793,11.0
3102797,15.0
3102833,11.0
3102877,11.0
3102880,11.0
3102890,15.0
3102927,11.0
3102929,11.0
3103132,15.0
3103231,11.0
3103273,15.0
3103280,11.0
3103343,15.0
3103346,11.0
3103391,15.0
3103552,16.0
3103660,11.0
3103662,11.0
3103698,15.0
3103801,11.0
3103831,15.0
3103991,15.0
3104032,11.0
3104056,11.0
3104070,11.0
3104099,11.0
3104338,11.0
3104374,11.0
3104383,15.0
3104525,11.0
3104607,15.0
3104614,11.0
3104764,15.0
3104785,15.0
3104978,15.0
3105105,15.0
3105202,15.0
3105207,15.0
3105212,15.0
3105213,11.0
3105233,15.0
3105242,15.0
3105425,11.0
3105468,15.0
3105534,11.0
3105539,15.0
3105631,11.0
3105668,11.0
3105706,11.0
3105711,11.0
3105720,11.0
3105735,11.0
3105788,15.0
3105989,15.0
3106002,11.0
3106165,11.0
3106175,15.0
3106177,15.0
3106250,15.0
3106261,15.0
3106721,11.0
3106886,15.0
3106936,15.0
3107109,11.0
3107365,11.0
3107369,11.0
3107499,15.0
3107669,11.0
3107880,11.0
3107882,11.0
3107884,11.0
3107888,11.0
3108036,15.0
3108122,11.0
3108166,11.0
3108189,15.0
3108318,11.0
3108332,15.0
3108458,15.0
3108501,11.0
3108506,11.0
3108568,15.0
3108725,11.0
3108872,16.0
3108876,15.0
3109032,11.0
3109067,15.0
3109238,11.0
3109323,15.0
3109412,16.0
3109564,11.0
3109662,15.0
3109714,11.0
3109924,18.0
3110116,15.0
3110208,15.0
3110537,11.0
3110775,11.0
3110871,11.0
3111036,11.0
3111155,15.0
3111336,11.0
3111337,11.0
3111341,11.0
3111391,15.0
3111395,15.0
3111396,15.0
3111436,11.0
3111460,11.0
3111488,11.0
3111537,11.0
3111667,11.0
3111702,15.0
3111969,11.0
3111982,11.0
3111987,11.0
3112082,15.0
3112097,15.0
3112306,15.0
3112439,11.0
3112441,11.0
3112449,11.0
3112454,11.0
3112459,11.0
3112875,15.0
3112880,15.0
3112885,15.0
3112917,11.0
3112925,11.0
3112950,11.0
3113109,11.0
3113110,15.0
3113345,15.0
3113372,15.0
3113525,15.0
3113573,11.0
3113579,11.0
3113583,11.0
3114075,15.0
3114361,11.0
3114672,11.0
3114900,11.0
3114961,15.0
3115049,11.0
3115050,11.0
3115053,11.0
3115054,11.0
3115055,11.0
3115060,11.0
3115207,11.0
3115400,11.0
3115472,11.0
3115524,15.0
3115860,15.0
3115874,11.0
3115887,11.0
3115910,11.0
3115962,11.0
3116067,15.0
3116158,15.0
3116188,11.0
3116389,15.0
3116642,11.0
3116763,15.0
3116962,15.0
3116996,15.0
3117055,15.0
3117227,11.0
3117606,11.0
3117615,11.0
3117834,11.0
3117890,11.0
3117894,11.0
3118054,11.0
3118124,11.0
3118242,15.0
3118503,11.0
3118583,11.0
3118980,15.0
3119049,11.0
3119219,15.0
3119277,11.0
3119309,11.0
3119584,11.0
3119588,11.0
3119597,11.0
3119600,11.0
3119601,11.0
3119631,11.0
3119858,11.0
3119898,11.0
3120053,15.0
3121621,11.0
3121697,11.0
3121979,15.0
3121983,15.0
3121989,15.0
3122047,11.0
3122283,11.0
3122470,11.0
3122559,11.0
3122753,15.0
3122826,11.0
3123131,15.0
3123699,11.0
3123707,11.0
3124189,11.0
3124196,11.0
3124412,15.0
3124419,15.0
3124426,15.0
3124452,15.0
3124597,11.0
3124641,11.0
3124660,11.0
3124727,11.0
3124766,11.0
3124880,11.0
3124994,11.0
3125128,11.0
3125368,11.0
3125491,11.0
3125780,11.0
3125994,11.0
3125998,11.0
3127541,11.0
3127594,11.0
3127614,11.0
3127616,11.0
3127878,15.0
3127926,11.0
3127931,11.0
3128473,11.0
3128477,11.0
3128562,15.0
3128689,11.0
3128856,15.0
3128947,11.0
3129022,11.0
3129033,11.0
3129146,11.0
3129421,11.0
3129499,11.0
3129635,15.0
3129730,16.0
3129913,11.0
3130132,11.0
3130194,11.0
3130210,11.0
3130215,11.0
3130703,11.0
3131254,11.0
3132127,15.0
3132410,15.0
3132458,11.0
3132528,15.0
3132536,11.0
3133326,16.0
3134051,11.0
3134512,15.0
3134910,15.0
3134919,15.0
3134936,15.0
3134943,15.0
3134964,15.0
3135032,15.0
3135033,15.0
3135437,15.0
3135569,11.0
3135789,11.0
3135843,11.0
3135884,16.0
3136146,11.0
3136246,15.0
3136521,15.0
3136587,11.0
3136590,11.0
3136606,11.0
3136617,11.0
3136766,11.0
3136775,11.0
3137399,16.0
3137524,11.0
3137705,15.0
3137714,11.0
3138234,11.0
3138242,11.0
3138320,11.0
3138642,15.0
3139217,11.0
3139362,15.0
3139724,11.0
3139733,11.0
3139738,11.0
3139739,11.0
3140198,11.0
3140200,15.0
3140311,11.0
3140355,11.0
3140690,11.0
3140834,15.0
3140885,15.0
3140891,15.0
3140898,15.0
3141077,15.0
3141086,15.0
3141133,15.0
3141211,11.0
3141251,11.0
3141257,11.0
3141520,11.0
3141919,16.0
3141938,16.0
3141987,11.0
3142169,15.0
3142312,15.0
3142363,11.0
3142586,15.0
3142776,11.0
3142841,11.0
3142916,11.0
3143098,11.0
3143381,11.0
3143409,11.0
3143916,11.0
3144386,11.0
3144599,16.0
3144633,16.0
3144744,15.0
3144748,11.0
3145038,11.0
3145253,11.0
3145369,11.0
3145734,15.0
3146278,15.0
3146403,11.0
3146412,11.0
3146426,11.0
3146766,11.0
3146769,11.0
3146773,11.0
3146796,15.0
3146809,15.0
3146856,11.0
3146865,11.0
3146913,11.0
3147294,11.0
3147621,11.0
3147993,11.0
3148087,11.0
3148147,11.0
3148309,11.0
3148406,11.0
3148501,15.0
3148670,11.0
3149059,11.0
3149139,11.0
3149474,11.0
3149531,11.0
3150014,11.0
3150089,11.0
3150433,11.0
3150502,11.0
3150602,15.0
3150603,11.0
3150755,11.0
3151583,11.0
3151909,11.0
3151933,11.0
3153098,11.0
3153121,11.0
3153172,15.0
3153258,11.0
3153291,11.0
3154099,11.0
3154577,11.0
3154618,11.0
3154822,15.0
3154833,15.0
3154835,15.0
3154848,15.0
3155388,15.0
3155721,11.0
3155737,11.0
3155738,11.0
3155872,11.0
3155883,11.0
3155901,25.0
3155997,25.0
3156088,11.0
3156848,11.0
3156952,11.0
3157161,11.0
3157166,11.0
3157292,11.0
3157761,15.0
3157821,16.0
3157957,15.0
3158296,16.0
3158425,15.0
3158584,11.0
3158698,11.0
3159005,15.0
3159092,11.0
3160311,15.0
3160439,11.0
3160443,11.0
3161420,16.0
3161888,15.0
3161892,15.0
3161954,15.0
3161978,15.0
3162221,15.0
3162824,15.0
3162831,15.0
3163192,15.0
3163225,11.0
3163227,11.0
3163228,11.0
3163615,11.0
3163731,11.0
3163807,11.0
3163826,15.0
3164004,11.0
3164141,11.0
3164905,11.0
3165009,11.0
3165096,16.0
3165592,15.0
3166289,11.0
3166324,11.0
3166325,11.0
3166328,11.0
3166634,11.0
3166721,11.0
3167011,11.0
3167013,11.0
3167021,11.0
3167114,15.0
3167140,11.0
3168758,15.0
3168836,15.0
3168983,11.0
3169086,11.0
3169192,16.0
3169271,11.0
3169342,15.0
3169431,11.0
3169754,15.0
3170642,15.0
3171418,11.0
3171419,11.0
3171548,11.0
3171638,11.0
3171680,11.0
3172020,11.0
3172116,11.0
3172417,11.0
3172685,11.0
3172703,11.0
3172881,11.0
3172994,11.0
3172996,11.0
3173000,11.0
3173060,11.0
3173232,15.0
3173399,16.0
3173402,16.0
3173873,11.0
3174430,11.0
3175079,16.0
3175165,11.0
3176626,11.0
3176850,11.0
3176880,11.0
3177085,15.0
3177211,11.0
3177258,11.0
3177817,16.0
3177965,15.0
3178013,15.0
3178482,15.0
3178809,15.0
3179173,11.0
3179387,15.0
3180415,15.0
3180585,11.0
3180699,15.0
3180894,15.0
3181016,11.0
3181402,11.0
3181897,15.0
3182035,15.0
3182116,11.0
3182148,11.0
3183054,11.0
3183288,11.0
3183298,11.0
3183330,11.0
3183592,11.0
3183609,11.0
3183612,11.0
3183613,11.0
3183699,11.0
3183854,11.0
3184254,11.0
3184399,11.0
3184405,11.0
3184414,11.0
3184430,11.0
3184431,11.0
3184437,11.0
3184441,11.0
3184447,11.0
3184448,11.0
3184463,11.0
3184467,11.0
3184476,11.0
3184487,11.0
3184502,11.0
3184503,11.0
3184519,11.0
3184521,11.0
3184536,11.0
3185013,11.0
3185303,15.0
3185396,11.0
3185504,11.0
3185951,11.0
3186418,11.0
3186421,11.0
3186422,11.0
3186424,11.0
3186528,11.0
3186531,11.0
3186610,11.0
3186739,11.0
3187365,11.0
3187813,11.0
3188047,11.0
3188051,11.0
3188058,11.0
3188113,11.0
3188535,11.0
3188715,11.0
3189227,11.0
3189324,15.0
3190242,11.0
3190272,16.0
3190329,16.0
3190464,15.0
3190722,11.0
3191220,15.0
3191695,11.0
3191998,11.0
3192193,11.0
3192206,11.0
3192215,11.0
3192362,11.0
3192411,11.0
3192430,15.0
3192500,11.0
3192550,16.0
3193399,11.0
3193487,11.0
3193508,11.0
3193990,11.0
3193995,11.0
3193996,11.0
3194002,11.0
3194023,11.0
3194091,11.0
3194134,11.0
3194140,11.0
3194148,11.0
3194153,11.0
3194158,11.0
3194167,11.0
3194194,11.0
3194298,11.0
3194569,11.0
3194652,11.0
3194654,11.0
3194655,11.0
3194730,11.0
3195265,15.0
3195490,15.0
3195582,15.0
3195711,11.0
3195794,15.0
3195861,11.0
3195963,15.0
3195966,15.0
3195977,16.0
3196071,11.0
3196079,11.0
3196736,15.0
3196744,15.0
3196757,15.0
3196802,11.0
3197118,15.0
3197411,15.0
3197413,15.0
3197416,15.0
3197417,15.0
3197493,11.0
3197522,11.0
3197730,11.0
3197818,16.0
3197822,11.0
3197824,11.0
3198043,15.0
3198188,15.0
3198300,11.0
3198365,11.0
3198512,15.0
3199828,11.0
3200034,11.0
3200038,11.0
3200054,11.0
3200485,15.0
3200569,11.0
3200646,18.0
3200683,18.0
3200685,11.0
3200689,11.0
3200708,16.0
3200742,11.0
3200795,11.0
3200809,11.0
3200834,15.0
3200837,15.0
3200850,15.0
3201010,15.0
3201021,26.0
3201049,15.0
3201054,15.0
3201091,15.0
3201094,15.0
3201212,15.0
3201533,11.0
3201543,11.0
3201761,11.0
3201821,15.0
3201881,15.0
3201882,11.0
3201955,15.0
3201982,15.0
3202040,18.0
3202064,18.0
3202211,11.0
3202661,11.0
3202999,11.0
3203288,11.0
3203720,11.0
3203804,11.0
3204183,11.0
3204405,11.0
3204473,15.0
3204495,15.0
3204502,15.0
3204509,15.0
3204633,11.0
3204740,11.0
3204741,11.0
3204745,11.0
3204888,15.0
3205351,11.0
3205389,11.0
3205410,11.0
3205779,15.0
3206035,11.0
3206255,11.0
3206482,11.0
3206488,11.0
3206686,11.0
3206761,25.0
3206930,11.0
3207033,11.0
3207137,11.0
3207203,15.0
3207263,11.0
3207659,15.0
3208471,11.0
3208561,15.0
3208729,15.0
3208775,11.0
3208958,15.0
3209008,11.0
3209044,15.0
3209204,16.0
3209321,15.0
3209348,11.0
3209423,11.0
3209571,11.0
3209749,16.0
3209945,15.0
3209995,15.0
3209996,15.0
3210007,15.0
3210056,11.0
3210506,11.0
3210699,16.0
3210841,11.0
3210930,11.0
3211522,16.0
3211526,16.0
3212055,11.0
3212156,11.0
3212212,15.0
3212377,11.0
3212461,11.0
3212564,16.0
3212591,15.0
3212749,11.0
3213491,15.0
3213492,11.0
3213506,15.0
3213516,15.0
3213582,15.0
3213875,11.0
3214695,11.0
3214696,11.0
3214756,15.0
3214924,11.0
3214932,11.0
3214944,11.0
3214948,11.0
3214998,11.0
3215079,11.0
3215393,11.0
3215970,11.0
3215974,11.0
3215978,11.0
3216041,11.0
3216380,11.0
3216746,15.0
3216753,11.0
3216826,11.0
3216840,11.0
3218365,15.0
3218383,15.0
3218529,16.0
3218894,11.0
3218896,11.0
3219098,11.0
3219461,11.0
3219575,11.0
3219580,11.0
3219680,15.0
3219747,11.0
3219755,11.0
3220133,15.0
3220888,11.0
3221586,11.0
3222074,11.0
3222119,15.0
3222262,11.0
3222374,15.0
3222881,15.0
3222986,11.0
3223059,11.0
3223194,16.0
3223273,11.0
3224149,15.0
3224242,11.0
3224261,11.0
3225685,11.0
3225689,11.0
3225808,11.0
3226413,11.0
3226528,11.0
3226530,11.0
3226535,18.0
3226892,11.0
3227199,11.0
3227831,11.0
3228645,11.0
3228690,11.0
3228693,11.0
3228708,11.0
3229330,11.0
3229455,11.0
3229585,11.0
3229814,11.0
3229822,11.0
3230350,15.0
3230554,11.0
3230773,15.0
3231192,15.0
3231850,11.0
3231889,11.0
3231978,11.0
3232001,11.0
3232111,15.0
3232387,11.0
3232568,16.0
3232849,11.0
3232985,15.0
3233662,16.0
3234318,11.0
3235246,15.0
3235360,15.0
3235477,11.0
3235897,15.0
3236030,16.0
3236142,18.0
3236153,11.0
3236191,11.0
3236396,15.0
3236743,11.0
3236823,11.0
3236858,11.0
3236884,11.0
3237168,11.0
3237343,11.0
3238406,11.0
3238408,11.0
3238409,11.0
3238413,11.0
3238471,11.0
3238644,11.0
3238720,11.0
3238756,11.0
3238758,11.0
3238961,15.0
3238973,11.0
3239002,11.0
3239134,15.0
3240057,15.0
3240367,11.0
3240517,11.0
3241365,15.0
3241940,15.0
3242138,11.0
3242158,11.0
3242205,11.0
3242973,11.0
3242980,11.0
3242990,11.0
3243002,11.0
3243007,11.0
3243129,11.0
3243150,11.0
3243235,15.0
3243705,15.0
3243871,11.0
3243884,11.0
3243891,11.0
3243901,11.0
3244229,11.0
3244467,11.0
3244483,11.0
3244513,11.0
3244579,11.0
3244767,11.0
3245026,15.0
3245182,11.0
3245437,15.0
3245547,11.0
3245748,11.0
3245841,11.0
3245999,11.0
3246115,15.0
3247037,11.0
3247045,15.0
3249353,11.0
3249536,11.0
3249803,11.0
3250168,15.0
3250169,15.0
3250170,15.0
3250171,15.0
3250172,15.0
3250324,11.0
3250325,11.0
3250425,15.0
3250429,15.0
3250526,11.0
3250738,15.0
3251265,11.0
3251874,15.0
3251904,11.0
3252671,15.0
3252726,11.0
3252738,11.0
3252764,11.0
3252770,11.0
3253028,11.0
3253253,11.0
3253467,11.0
3253513,11.0
3253552,11.0
3253845,11.0
3254023,11.0
3254364,11.0
3255241,11.0
3255305,11.0
3255311,11.0
3255318,11.0
3255322,11.0
3255330,11.0
3255405,15.0
3255452,11.0
3255763,15.0
3255897,15.0
3255997,16.0
3256003,11.0
3256012,11.0
3256033,11.0
3256051,16.0
3256112,15.0
3256139,15.0
3256427,15.0
3256777,15.0
3256829,11.0
3256842,11.0
3256965,15.0
3256974,11.0
3256992,11.0
3257039,11.0
3257132,15.0
3257186,11.0
3257304,11.0
3257533,11.0
3257549,11.0
3257552,11.0
3257570,11.0
3257825,15.0
3257827,15.0
3257829,11.0
3257831,15.0
3257834,15.0
3257870,15.0
3257940,15.0
3258100,15.0
3258181,16.0
3258477,11.0
3258492,11.0
3258765,11.0
3258969,11.0
3259262,11.0
3259399,11.0
3259443,11.0
3259446,15.0
3259529,15.0
3259691,11.0
3259793,15.0
3259856,15.0
3259984,15.0
3260003,15.0
3260007,15.0
3260174,15.0
3260333,11.0
3260344,11.0
3260351,11.0
3260377,11.0
3260379,11.0
3260385,11.0
3260485,16.0
3260511,11.0
3260537,16.0
3260645,11.0
3260727,11.0
3260732,11.0
3260776,11.0
3260780,11.0
3260785,16.0
3260803,11.0
3260808,11.0
3260813,11.0
3260879,15.0
3260888,15.0
3260894,15.0
3260903,15.0
3260991,15.0
3261019,11.0
3261026,11.0
3261166,11.0
3261453,11.0
3261501,11.0
3261569,11.0
3261650,16.0
3261664,11.0
3261794,15.0
3261903,15.0
3262209,11.0
3262526,15.0
3262719,11.0
3262775,11.0
3262869,16.0
3262884,16.0
3262886,16.0
3263735,19.0
3263924,11.0
3264272,15.0
3265699,15.0
3265712,11.0
3265753,15.0
3265761,11.0
3265765,11.0
3265769,11.0
3266054,11.0
3266067,11.0
3266134,11.0
3266186,15.0
3266541,11.0
3266599,15.0
3266901,15.0
3267104,11.0
3267109,11.0
3267117,11.0
3267600,15.0
3267642,15.0
3267647,15.0
3267768,11.0
3267931,11.0
3268278,11.0
3268610,11.0
3268673,11.0
3268679,11.0
3268685,11.0
3268687,11.0
3268693,11.0
3268723,11.0
3268806,11.0
3268818,11.0
3268992,11.0
3269327,11.0
3269820,11.0
3270073,15.0
3270075,11.0
3270213,11.0
3270420,11.0
3270578,11.0
3271230,15.0
3271236,15.0
3271462,15.0
3271466,15.0
3271826,11.0
3272040,11.0
3272095,15.0
3273068,11.0
3273078,11.0
3273179,11.0
3273582,11.0
3273652,15.0
3273673,11.0
3273832,15.0
3274239,11.0
3274834,16.0
3274971,11.0
3275937,11.0
3275946,11.0
3275957,11.0
3275966,11.0
3276122,11.0
3276184,11.0
3276235,15.0
3276271,11.0
3276344,11.0
3276354,11.0
3276425,15.0
3276429,15.0
3276431,15.0
3276521,11.0
3276640,11.0
3276642,11.0
3276647,11.0
3276675,16.0
3277434,11.0
3277446,11.0
3277599,15.0
3278223,11.0
3278240,11.0
3278294,11.0
3278913,11.0
3279047,15.0
3279205,11.0
3279358,11.0
3279698,15.0
3279733,11.0
3279767,15.0
3279936,11.0
3280026,11.0
3280339,15.0
3280343,15.0
3280739,11.0
3280745,11.0
3280774,11.0
3280785,11.0
3280793,11.0
3280817,11.0
3280825,11.0
3280848,11.0
3281028,16.0
3281052,11.0
3281144,11.0
3281148,11.0
3281153,11.0
3281161,11.0
3281162,15.0
3281171,11.0
3281179,15.0
3281181,15.0
3281182,15.0
3281185,11.0
3281227,15.0
3281668,11.0
3281676,11.0
3282051,11.0
3282053,11.0
3282054,11.0
3282055,11.0
3282059,11.0
3282067,11.0
3282070,11.0
3282174,15.0
3282304,11.0
3282321,15.0
3282630,15.0
3282635,15.0
3282729,11.0
3283253,11.0
3283260,11.0
3283271,11.0
3283275,11.0
3283280,11.0
3283285,11.0
3283727,11.0
3283750,11.0
3284640,26.0
3284715,11.0
3284716,11.0
3285235,11.0
3285456,11.0
3285506,15.0
3285507,15.0
3285508,15.0
3285509,15.0
3285510,15.0
3286334,11.0
3286421,16.0
3286426,15.0
3286740,15.0
3287057,11.0
3287154,11.0
3287479,15.0
3287908,11.0
3287950,15.0
3287967,11.0
3288321,11.0
3288424,11.0
3288486,15.0
3288491,15.0
3288687,11.0
3288870,11.0
3288953,11.0
3288954,11.0
3288955,11.0
3288993,11.0
3289163,11.0
3289172,11.0
3289182,11.0
3289457,11.0
3289476,11.0
3289609,11.0
3290001,15.0
3290644,11.0
3290714,11.0
3291168,11.0
3291171,11.0
3291176,11.0
3291178,11.0
3291181,11.0
3291405,11.0
3291414,11.0
3291419,11.0
3291422,11.0
3291423,11.0
3291453,11.0
3291627,11.0
3292165,15.0
3292333,15.0
3292404,11.0
3292409,11.0
3293156,11.0
3293187,11.0
3294238,11.0
3294577,15.0
3294704,11.0
3294752,11.0
3294759,11.0
3294766,11.0
3295371,15.0
3295588,11.0
3295814,15.0
3295816,15.0
3295819,15.0
3295822,15.0
3295835,11.0
3295914,11.0
3296026,11.0
3296368,11.0
3297017,11.0
3297020,11.0
3297022,11.0
3297028,11.0
3297029,11.0
3297315,11.0
3297411,11.0
3297682,15.0
3297686,15.0
3297689,15.0
3297775,15.0
3298304,11.0
3298512,16.0
3298583,11.0
3299023,11.0
3299154,11.0
3300502,11.0
3300560,11.0
3300785,15.0
3300994,11.0
3300999,11.0
3301003,11.0
3301013,11.0
3301487,11.0
3301612,11.0
3301835,11.0
3301841,11.0
3301847,11.0
3301854,11.0
3302275,11.0
3303211,11.0
3303469,11.0
3303473,11.0
3303496,11.0
3303904,11.0
3303909,11.0
3303916,11.0
3303919,11.0
3303922,11.0
3303980,15.0
3303983,15.0
3304027,15.0
3304031,15.0
3304091,15.0
3304103,11.0
3304513,11.0
3304519,11.0
3304525,11.0
3304539,11.0
3304643,11.0
3304718,11.0
3304763,11.0
3304781,15.0
3304787,15.0
3304832,11.0
3304958,11.0
3305040,15.0
3305096,11.0
3305255,11.0
3305569,11.0
3306152,11.0
3306167,11.0
3306544,15.0
3306554,15.0
3306574,11.0
3307415,11.0
3307482,15.0
3308119,11.0
3308158,15.0
3308186,11.0
3308227,15.0
3308257,11.0
3308863,11.0
3309553,11.0
3309723,15.0
3310005,15.0
3310157,15.0
3311386,11.0
3311716,11.0
3312062,11.0
3312067,11.0
3312081,11.0
3312255,15.0
3312674,15.0
3312679,15.0
3312847,11.0
3313282,11.0
3313301,15.0
3314330,11.0
3314332,15.0
3314545,11.0
3315266,11.0
3315652,11.0
3315676,15.0
3315837,15.0
3316484,11.0
3316852,19.0
3316865,11.0
3316897,19.0
3317619,11.0
3318404,11.0
3318457,11.0
3318582,11.0
3318974,15.0
3319386,11.0
3319459,15.0
3320351,11.0
3320650,15.0
3320659,15.0
3320668,15.0
3321160,11.0
3321337,11.0
3321763,11.0
3322285,11.0
3322327,11.0
3322366,15.0
3322400,11.0
3322459,15.0
3322461,15.0
3322489,11.0
3322728,15.0
3322821,11.0
3322826,11.0
3323074,15.0
3323103,15.0
3323311,11.0
3323312,11.0
3323481,15.0
3323497,11.0
3323501,11.0
3324125,11.0
3324305,11.0
3324312,11.0
3324371,11.0
3324376,11.0
3324388,11.0
3325312,11.0
3325313,11.0
3325651,15.0
3326293,11.0
3326398,16.0
3326680,15.0
3326941,11.0
3326949,11.0
3326953,11.0
3326957,11.0
3326998,15.0
3327223,15.0
3327268,15.0
3327303,15.0
3327706,11.0
3327779,11.0
3327782,11.0
3327783,11.0
3327793,11.0
3327800,11.0
3327896,15.0
3328300,11.0
3328371,15.0
3328567,16.0
3328744,15.0
3329085,18.0
3329104,11.0
3329160,11.0
3329288,15.0
3329823,15.0
3330463,15.0
3330611,11.0
3330981,11.0
3331767,15.0
3332116,15.0
3332245,15.0
3332276,15.0
3332444,15.0
3332728,15.0
3333043,11.0
3333102,11.0
3333366,11.0
3333544,11.0
3333956,11.0
3334006,15.0
3334777,11.0
3334883,11.0
3335104,11.0
3335106,11.0
3335428,11.0
3335610,15.0
3335835,15.0
3335922,11.0
3335932,11.0
3335987,11.0
3336388,15.0
3336407,11.0
3336413,11.0
3336417,11.0
3336473,11.0
3336596,16.0
3336602,16.0
3336769,15.0
3336815,11.0
3336881,15.0
3337029,15.0
3337128,11.0
3338584,11.0
3338864,11.0
3339089,18.0
3339116,15.0
3339244,11.0
3339537,11.0
3340167,15.0
3340180,15.0
3340315,11.0
3340319,23.0
3340363,11.0
3341008,11.0
3341098,15.0
3341102,15.0
3341139,11.0
3341143,11.0
3341146,11.0
3341150,11.0
3341773,11.0
3341858,11.0
3342007,11.0
3342401,11.0
3342797,11.0
3343599,11.0
3343603,11.0
3343832,11.0
3344359,11.0
3344746,15.0
3344761,15.0
3345052,15.0
3345231,11.0
3345425,11.0
3345624,11.0
3345866,11.0
3345869,15.0
3346266,11.0
3346707,15.0
3346776,11.0
3346790,15.0
3346791,11.0
3346859,11.0
3347038,11.0
3347137,11.0
3347172,11.0
3347356,11.0
3347920,11.0
3347926,11.0
3347944,11.0
3348327,11.0
3348482,15.0
3348559,15.0
3348722,11.0
3349299,11.0
3349450,11.0
3349583,11.0
3350500,18.0
3350506,18.0
3350545,11.0
3350547,11.0
3350557,11.0
3350589,15.0
3350761,16.0
3350833,15.0
3350963,11.0
3351161,11.0
3351175,11.0
3351410,11.0
3351740,15.0
3352009,11.0
3353319,15.0
3353799,11.0
3353810,15.0
3354002,11.0
3354102,16.0
3354702,11.0
3354758,11.0
3354772,11.0
3354831,11.0
3355078,15.0
3355079,15.0
3355080,15.0
3355302,11.0
3355387,11.0
3355621,11.0
3355694,11.0
3355737,11.0
3355775,11.0
3356308,19.0
3356716,11.0
3356881,11.0
3357065,15.0
3357272,11.0
3357433,11.0
3357505,11.0
3357612,16.0
3357618,11.0
3357634,15.0
3357765,15.0
3357913,11.0
3358402,15.0
3358405,15.0
3358410,15.0
3358417,15.0
3358675,11.0
3358979,11.0
3359238,11.0
3359239,11.0
3359706,15.0
3359731,11.0
3359871,11.0
3359976,11.0
3360369,11.0
3360702,11.0
3360975,15.0
3361462,15.0
3361500,11.0
3361589,11.0
3361637,11.0
3361906,11.0
3362276,15.0
3362464,15.0
3362473,11.0
3362476,15.0
3362533,11.0
3362700,11.0
3362711,11.0
3363365,11.0
3363537,11.0
3363794,11.0
3363799,11.0
3364572,11.0
3364820,11.0
3364862,15.0
3364865,15.0
3364873,15.0
3364900,15.0
3364918,11.0
3365062,11.0
3365310,11.0
3365402,11.0
3365405,11.0
3365432,11.0
3365662,15.0
3365940,11.0
3365942,11.0
3365949,11.0
3365955,11.0
3365958,11.0
3366182,11.0
3366620,11.0
3366670,11.0
3367349,11.0
3367895,11.0
3368075,15.0
3368150,11.0
3368256,15.0
3368527,15.0
3368702,15.0
3368831,11.0
3368855,15.0
3369109,11.0
3369168,11.0
3369277,11.0
3369395,15.0
3370394,15.0
3370397,15.0
3370402,15.0
3370695,11.0
3370825,11.0
3370950,11.0
3371172,11.0
3371334,15.0
3371337,15.0
3371879,15.0
3372018,16.0
3372304,15.0
3372307,15.0
3372629,15.0
3372758,15.0
3372861,11.0
3372906,11.0
3372908,11.0
3372914,11.0
3373688,15.0
3373777,15.0
3373881,11.0
3374479,15.0
3374643,15.0
3374654,11.0
3374785,15.0
3374859,16.0
3374864,15.0
3375260,11.0
3375271,11.0
3375434,11.0
3376134,11.0
3376195,11.0
3376202,11.0
3376266,11.0
3376304,15.0
3376309,15.0
3376351,15.0
3376442,11.0
3376509,11.0
3377180,11.0
3377182,11.0
3377415,11.0
3377708,11.0
3377904,15.0
3377913,15.0
3378041,11.0
3378045,18.0
3378096,16.0
3378163,18.0
3378375,11.0
3378400,11.0
3378494,18.0
3378972,15.0
3379065,15.0
3379123,11.0
3379357,11.0
3379409,15.0
3379594,15.0
3379888,11.0
3380258,15.0
3380420,11.0
3380426,11.0
3380481,11.0
3380544,15.0
3380552,15.0
3380556,15.0
3380725,15.0
3380795,15.0
3380902,11.0
3381031,11.0
3381227,16.0
3381232,16.0
3381266,11.0
3381354,11.0
3381501,15.0
3381505,15.0
3381530,11.0
3381539,11.0
3381552,11.0
3381765,11.0
3381994,11.0
3382670,15.0
3382692,15.0
3382741,11.0
3383770,15.0
3383779,11.0
3383793,11.0
3384024,11.0
3384260,15.0
3384306,11.0
3384463,16.0
3384508,11.0
3384518,11.0
3384640,11.0
3384725,11.0
3384950,11.0
3385035,11.0
3385067,11.0
3385079,11.0
3385748,11.0
3385765,11.0
3386042,15.0
3386048,15.0
3386320,11.0
3386380,11.0
3386556,16.0
3386639,11.0
3386706,16.0
3386741,15.0
3386795,16.0
3386840,11.0
3386841,11.0
3386843,11.0
3386848,11.0
3387019,11.0
3387126,11.0
3387399,11.0
3387404,11.0
3387482,11.0
3388510,11.0
3388817,11.0
3389169,11.0
3389383,11.0
3389435,15.0
3390040,15.0
3390071,11.0
3390081,11.0
3390117,11.0
3390259,11.0
3390672,16.0
3390745,11.0
3390859,11.0
3391027,11.0
3391406,11.0
3391622,11.0
3391835,11.0
3391837,11.0
3391841,11.0
3391842,11.0
3391856,11.0
3391955,16.0
3392349,15.0
3392355,15.0
3392383,15.0
3392396,15.0
3392406,11.0
3392426,15.0
3392850,15.0
3392916,11.0
3392950,15.0
3393981,11.0
3394432,11.0
3395284,15.0
3395460,11.0
3395467,11.0
3395685,11.0
3395687,11.0
3395690,11.0
3396015,15.0
3396053,11.0
3396090,15.0
3396302,11.0
3396419,15.0
3396469,11.0
3396511,11.0
3396599,11.0
3396656,11.0
3396708,11.0
3396959,15.0
3396963,11.0
3397445,11.0
3397784,11.0
3397796,11.0
3398017,11.0
3398221,11.0
3398270,11.0
3398316,11.0
3398411,15.0
3398577,15.0
3398619,16.0
3398904,11.0
3398987,11.0
3399116,15.0
3399190,11.0
3399215,11.0
3399224,11.0
3399297,11.0
3399318,15.0
3400008,11.0
3400230,15.0
3400385,15.0
3401445,11.0
3401527,11.0
3401532,11.0
3401534,15.0
3401538,11.0
3401546,11.0
3401551,11.0
3401594,15.0
3402901,15.0
3403589,15.0
3403764,11.0
3404084,15.0
3404216,11.0
3404386,11.0
3405209,11.0
3405387,11.0
3405789,11.0
3405917,11.0
3405976,11.0
3406092,11.0
3406722,11.0
3406724,11.0
3406963,11.0
3407813,11.0
3408209,11.0
3408442,15.0
3408758,11.0
3409008,11.0
3409157,15.0
3409627,11.0
3409654,15.0
3409660,15.0
3409866,11.0
3409905,11.0
3409982,11.0
3410106,11.0
3410880,11.0
3410917,11.0
3411287,11.0
3411369,15.0
3411865,11.0
3412238,11.0
3412632,15.0
3412642,15.0
3413059,11.0
3413124,11.0
3413198,11.0
3413274,11.0
3413602,11.0
3413653,11.0
3413807,15.0
3414026,15.0
3414028,15.0
3414042,15.0
3414152,11.0
3414170,11.0
3415307,11.0
3415547,11.0
3415549,11.0
3415551,11.0
3415552,11.0
3415554,11.0
3416009,11.0
3416020,11.0
3416420,11.0
3416498,11.0
3416530,15.0
3417332,15.0
3417336,15.0
3417345,15.0
3417354,15.0
3417638,15.0
3417984,16.0
3418265,15.0
3418397,11.0
3418954,11.0
3419312,11.0
3419332,11.0
3419347,11.0
3419533,11.0
3419555,15.0
3419724,11.0
3419771,11.0
3419775,15.0
3420084,11.0
3420673,11.0
3420898,11.0
3421000,11.0
3421392,15.0
3421826,11.0
3421835,26.0
3422232,15.0
3422418,11.0
3422478,11.0
3422842,15.0
3422868,15.0
3423447,11.0
3423490,16.0
3423535,11.0
3423563,11.0
3423569,11.0
3423672,11.0
3423794,11.0
3423860,15.0
3424067,11.0
3424146,11.0
3424790,11.0
3424828,11.0
3425140,15.0
3425230,11.0
3425236,11.0
3425469,11.0
3425520,11.0
3425623,11.0
3425970,11.0
3426270,15.0
3426481,15.0
3426600,11.0
3426707,11.0
3426709,11.0
3426831,11.0
3427014,11.0
3427863,11.0
3428593,11.0
3428707,15.0
3428992,15.0
3428999,15.0
3429271,15.0
3429826,11.0
3430147,11.0
3430150,11.0
3430293,11.0
3430327,15.0
3430405,11.0
3430535,11.0
3430621,11.0
3430836,11.0
3431182,11.0
3431359,15.0
3432045,11.0
3432673,11.0
3433044,11.0
3433063,11.0
3433202,11.0
3433231,15.0
3433280,11.0
3433282,11.0
3433338,11.0
3433343,11.0
3433348,15.0
3433660,25.0
3433871,15.0
3433886,11.0
3433894,11.0
3433896,11.0
3433901,11.0
3433904,11.0
3433908,11.0
3433910,11.0
3435208,11.0
3435394,11.0
3435529,11.0
3435779,15.0
3435801,11.0
3435854,15.0
3435890,11.0
3435944,11.0
3436384,15.0
3436728,15.0
3436730,11.0
3436831,11.0
3436834,11.0
3437463,11.0
3437843,11.0
3438109,11.0
3438717,11.0
3438726,11.0
3438900,11.0
3438960,15.0
3438961,15.0
3438964,15.0
3439036,11.0
3439041,11.0
3439298,11.0
3440269,11.0
3440329,11.0
3440450,15.0
3440606,11.0
3440638,11.0
3440922,11.0
3440946,11.0
3441032,11.0
3441158,11.0
3441606,11.0
3441750,11.0
3441885,15.0
3441941,11.0
3442140,11.0
3442536,11.0
3442837,15.0
3443079,19.0
3443840,11.0
3444033,15.0
3444435,11.0
3444438,11.0
3444440,11.0
3444518,11.0
3444844,11.0
3444965,11.0
3445396,11.0
3445555,11.0
3445667,11.0
3445681,11.0
3445762,15.0
3446271,11.0
3446626,15.0
3446865,11.0
3447078,11.0
3447383,15.0
3447385,15.0
3447386,15.0
3447412,11.0
3447440,15.0
3447712,15.0
3449087,15.0
3449144,11.0
3449267,15.0
3449276,15.0
3449277,15.0
3449280,15.0
3449282,15.0
3449324,11.0
3449433,15.0
3449542,11.0
3449587,11.0
3449703,11.0
3449813,11.0
3450235,11.0
3450246,11.0
3450254,11.0
3450303,11.0
3450305,11.0
3450324,11.0
3450472,11.0
3450503,11.0
3450600,11.0
3451334,11.0
3451405,11.0
3451662,11.0
3451879,11.0
3452104,15.0
3452174,11.0
3452184,11.0
3452414,15.0
3452616,15.0
3452824,11.0
3452825,11.0
3452828,11.0
3452829,11.0
3452839,11.0
3452972,11.0
3453280,11.0
3453652,15.0
3453728,11.0
3453816,15.0
3453882,15.0
3454188,11.0
3454277,11.0
3454278,11.0
3454434,11.0
3454515,11.0
3454576,15.0
3454633,16.0
3454773,11.0
3454882,15.0
3455325,11.0
3455633,15.0
3455636,15.0
3455663,15.0
3455674,15.0
3455700,15.0
3455977,11.0
3455992,11.0
3456037,15.0
3456270,15.0
3456373,11.0
3456383,16.0
3456868,11.0
3456908,11.0
3457019,11.0
3457115,11.0
3457212,15.0
3457633,15.0
3457780,16.0
3457833,15.0
3457843,15.0
3457846,15.0
3457857,15.0
3457863,15.0
3457878,15.0
3457999,24.0
3458223,11.0
3458981,11.0
3459417,11.0
3459543,15.0
3459843,16.0
3460049,15.0
3460595,18.0
3460613,11.0
3460619,15.0
3460622,15.0
3460642,16.0
3460649,11.0
3460668,11.0
3460946,15.0
3460947,11.0
3461168,15.0
3461171,15.0
3461176,15.0
3461300,16.0
3461397,15.0
3461457,11.0
3461931,15.0
3461982,15.0
3462033,11.0
3462445,11.0
3462482,18.0
3462576,11.0
3462660,11.0
3462662,11.0
3463027,11.0
3463030,11.0
3463160,15.0
3463631,11.0
3463693,11.0
3463889,11.0
3463924,11.0
3463929,11.0
3463937,11.0
3463988,26.0
3464014,11.0
3464195,11.0
3464313,15.0
3464640,11.0
3465317,15.0
3465383,11.0
3465656,11.0
3465692,15.0
3466007,11.0
3466046,11.0
3466155,11.0
3466235,11.0
3466503,15.0
3466817,11.0
3467059,15.0
3467060,15.0
3467065,11.0
3467099,15.0
3467140,11.0
3467175,11.0
3467311,11.0
3467591,15.0
3468357,11.0
3468362,11.0
3468743,11.0
3468871,11.0
3469261,11.0
3469774,11.0
3469942,11.0
3470057,11.0
3470320,11.0
3470650,11.0
3470680,11.0
3470793,11.0
3470800,11.0
3470853,11.0
3471023,16.0
3471061,11.0
3471368,11.0
3471418,15.0
3471424,15.0
3471428,15.0
3471437,15.0
3471599,11.0
3471600,11.0
3471605,15.0
3471615,11.0
3471791,11.0
3471804,11.0
3472165,11.0
3472546,11.0
3472643,15.0
3472679,11.0
3472682,11.0
3472703,15.0
3472785,15.0
3472792,11.0
3472937,15.0
3473058,11.0
3473115,15.0
3473122,15.0
3473675,11.0
3474078,11.0
3474129,11.0
3474169,11.0
3474226,11.0
3474285,11.0
3474331,11.0
3474350,15.0
3474524,11.0
3474528,11.0
3474542,11.0
3474543,15.0
3474547,15.0
3474568,15.0
3474833,15.0
3474925,11.0
3474977,15.0
3475067,11.0
3475159,11.0
3475470,26.0
3475471,26.0
3475472,26.0
3475473,26.0
3475496,11.0
3475557,11.0
3475834,15.0
3475835,15.0
3476140,15.0
3476296,11.0
3476350,15.0
3476356,15.0
3476364,15.0
3476479,11.0
3476588,11.0
3476591,11.0
3476683,15.0
3476704,11.0
3477214,15.0
3477217,11.0
3477222,15.0
3477399,11.0
3477437,15.0
3478189,11.0
3478263,11.0
3478265,11.0
3478268,11.0
3478269,11.0
3478280,11.0
3478292,11.0
3478330,11.0
3478440,11.0
3478661,15.0
3478663,15.0
3478697,15.0
3478712,11.0
3478859,15.0
3479046,15.0
3479098,11.0
3479103,11.0
3479208,11.0
3479222,11.0
3479508,16.0
3479623,16.0
3480196,11.0
3480198,11.0
3480327,15.0
3480487,11.0
3480647,11.0
3480649,11.0
3480651,11.0
3480729,11.0
3480953,11.0
3480966,11.0
3481095,15.0
3481781,15.0
3481795,11.0
3482055,11.0
3482057,11.0
3482063,11.0
3482243,11.0
3482366,15.0
3482464,11.0
3482789,11.0
3482793,11.0
3483039,11.0
3483054,11.0
3483059,11.0
3483081,11.0
3483297,11.0
3484062,11.0
3484064,11.0
3484362,15.0
3484365,15.0
3484551,11.0
3484668,11.0
3484671,11.0
3485060,11.0
3485086,15.0
3485088,15.0
3485210,11.0
3485214,11.0
3485216,11.0
3485226,11.0
3485340,11.0
3485696,11.0
3485735,11.0
3485744,15.0
3485771,11.0
3485772,11.0
3485975,11.0
3486140,11.0
3486341,15.0
3486418,15.0
3486455,15.0
3486456,15.0
3486457,15.0
3486542,15.0
3486545,15.0
3486636,11.0
3486795,15.0
3486823,11.0
3486863,17.0
3486876,17.0
3486883,17.0
3486886,17.0
3486934,17.0
3486939,17.0
3486943,17.0
3487043,15.0
3487080,11.0
3487302,11.0
3487504,15.0
3487581,11.0
3487584,11.0
3487702,11.0
3487708,11.0
3487779,15.0
3487819,11.0
3488069,11.0
3488683,11.0
3488935,17.0
3488936,17.0
3489318,11.0
3489663,16.0
3489783,15.0
3489795,15.0
3489857,11.0
3489893,11.0
3489964,11.0
3490157,15.0
3490310,11.0
3490440,11.0
3490454,11.0
3490654,11.0
3490663,11.0
3490757,16.0
3490772,11.0
3491185,11.0
3492210,11.0
3492637,15.0
3493077,11.0
3493174,11.0
3493288,11.0
3493323,15.0
3493445,11.0
3493713,11.0
3493759,11.0
3493861,11.0
3494019,15.0
3494057,15.0
3494065,15.0
3494099,11.0
3495126,15.0
3495128,15.0
3495131,15.0
3495139,15.0
3495176,11.0
3495263,11.0
3495269,11.0
3495603,11.0
3495782,11.0
3495878,11.0
3496253,11.0
3496497,11.0
3496501,15.0
3496608,11.0
3497037,11.0
3497124,11.0
3497127,11.0
3497128,11.0
3497152,11.0
3498081,15.0
3498732,11.0
3498778,11.0
3498943,15.0
3499478,11.0
3499998,11.0
3500068,11.0
3500123,11.0
3500498,16.0
3501199,11.0
3501492,11.0
3501501,11.0
3501841,15.0
3502407,11.0
3502410,11.0
3502457,11.0
3502832,11.0
3503118,15.0
3503234,11.0
3503250,15.0
3503294,16.0
3503901,15.0
3503945,15.0
3504215,21.0
3504307,15.0
3504344,11.0
3504347,11.0
3504360,11.0
3504385,11.0
3504998,11.0
3505004,11.0
3505085,11.0
3505089,15.0
3505101,15.0
3505107,15.0
3505320,11.0
3505486,11.0
3505619,15.0
3505847,24.0
3505951,11.0
3506375,11.0
3506939,11.0
3506949,11.0
3507173,11.0
3507317,11.0
3507389,15.0
3507432,11.0
3507552,15.0
3507556,15.0
3507872,11.0
3507873,11.0
3508013,11.0
3508072,11.0
3508854,11.0
3508866,11.0
3509261,15.0
3509363,11.0
3509443,11.0
3509551,11.0
3509680,11.0
3509694,16.0
3509744,16.0
3509972,11.0
3510073,11.0
3510093,11.0
3510431,11.0
3510454,15.0
3510568,15.0
3510577,15.0
3510593,11.0
3510702,11.0
3510706,11.0
3510711,11.0
3511021,11.0
3511024,11.0
3511041,15.0
3511106,11.0
3511284,11.0
3511725,11.0
3511782,15.0
3511831,11.0
3512001,11.0
3512203,11.0
3512288,15.0
3512494,11.0
3512621,16.0
3512632,16.0
3512638,11.0
3512706,11.0
3512822,11.0
3513216,11.0
3513491,11.0
3513586,15.0
3513648,11.0
3513771,11.0
3513987,11.0
3514351,15.0
3514741,15.0
3515208,16.0
3515213,16.0
3515257,16.0
3515367,16.0
3515430,11.0
3515443,11.0
3515444,11.0
3515521,11.0
3515633,11.0
3515715,11.0
3515746,16.0
3515802,11.0
3515830,11.0
3515876,11.0
3515977,15.0
3515981,15.0
3515987,15.0
3515990,15.0
3515994,15.0
3516136,11.0
3516977,15.0
3517029,11.0
3517171,18.0
3517584,11.0
3517728,15.0
3517802,11.0
3517831,16.0
3517901,11.0
3517992,11.0
3518384,11.0
3518386,11.0
3518458,11.0
3518607,15.0
3518637,21.0
3518726,11.0
3518767,11.0
3518803,11.0
3518818,11.0
3519018,11.0
3519038,11.0
3519112,11.0
3519198,11.0
3519588,11.0
3519606,11.0
3519787,15.0
3519987,11.0
3520117,24.0
3520209,11.0
3520358,15.0
3520391,15.0
3520491,15.0
3520522,11.0
3520752,11.0
3521383,11.0
3521506,11.0
3521589,11.0
3521595,11.0
3521604,11.0
3521617,11.0
3521685,11.0
3522003,11.0
3522028,15.0
3522899,11.0
3523009,11.0
3523050,11.0
3523708,11.0
3523745,11.0
3523996,11.0
3524259,11.0
3524334,15.0
3524340,15.0
3524359,11.0
3524365,11.0
3524375,11.0
3524536,11.0
3524542,11.0
3524667,11.0
3524675,11.0
3524688,11.0
3524768,11.0
3524771,11.0
3524952,11.0
3524957,11.0
3524960,11.0
3524969,11.0
3524973,11.0
3525014,15.0
3525018,15.0
3525078,11.0
3525079,11.0
3525084,11.0
3525136,11.0
3525305,15.0
3525634,15.0
3525758,11.0
3525760,11.0
3525869,11.0
3525924,11.0
3525991,11.0
3526061,11.0
3526095,11.0
3526144,11.0
3526192,11.0
3526315,11.0
3526331,15.0
3526356,11.0
3526555,11.0
3526690,15.0
3526854,11.0
3527189,21.0
3527273,15.0
3527282,11.0
3527283,15.0
3527286,11.0
3527308,11.0
3527313,11.0
3527331,15.0
3527394,15.0
3527416,15.0
3527418,15.0
3527980,11.0
3528646,11.0
3528797,11.0
3528843,11.0
3529381,11.0
3529504,15.0
3529520,15.0
3529855,11.0
3529895,11.0
3529910,11.0
3530060,11.0
3530266,11.0
3530945,11.0
3531451,15.0
3531571,11.0
3531801,24.0
3532030,11.0
3532040,11.0
3532057,11.0
3532063,11.0
3532187,11.0
3532290,15.0
3532296,15.0
3532299,15.0
3532324,15.0
3532529,11.0
3532574,11.0
3532596,11.0
3533257,11.0
3533291,11.0
3533307,11.0
3533422,15.0
3533426,15.0
3533438,15.0
3533524,11.0
3533573,15.0
3533705,15.0
3533711,15.0
3533718,15.0
3533723,15.0
3534220,15.0
3534223,15.0
3534493,15.0
3534495,15.0
3534646,11.0
3535029,11.0
3535031,11.0
3535109,11.0
3535187,11.0
3535211,11.0
3535780,11.0
3535966,15.0
3535971,15.0
3536005,11.0
3536006,11.0
3536007,11.0
3536120,11.0
3536146,11.0
3536164,11.0
3536171,11.0
3536172,11.0
3536338,11.0
3536518,15.0
3537005,15.0
3537361,11.0
3537707,11.0
3537937,11.0
3538080,11.0
3538266,11.0
3538302,15.0
3538310,15.0
3538349,15.0
3538350,15.0
3538657,11.0
3538743,11.0
3538747,11.0
3539303,15.0
3540132,11.0
3540169,11.0
3540868,18.0
3540929,11.0
3540941,11.0
3540943,11.0
3541318,11.0
3541436,15.0
3541456,15.0
3541618,11.0
3541673,16.0
3541982,16.0
3542103,15.0
3542212,11.0
3542288,11.0
3542294,11.0
3542861,21.0
3542868,21.0
3542871,21.0
3542886,21.0
3542890,21.0
3542893,21.0
3543270,11.0
3543281,11.0
3543500,11.0
3543603,11.0
3543707,15.0
3544128,11.0
3544134,11.0
3544379,21.0
3544399,11.0
3544662,15.0
3544679,15.0
3545135,11.0
3545220,11.0
3545870,21.0
3545873,21.0
3546011,21.0
3546242,11.0
3547159,15.0
3547162,15.0
3547440,11.0
3547550,11.0
3547552,11.0
3547558,11.0
3547560,11.0
3547567,11.0
3547638,11.0
3549351,11.0
3549462,15.0
3549788,16.0
3549790,21.0
3549846,15.0
3550010,15.0
3550168,15.0
3550357,15.0
3550360,15.0
3550711,11.0
3550880,21.0
3551032,11.0
3551042,11.0
3551142,11.0
3551604,11.0
3551630,11.0
3551636,11.0
3551725,11.0
3551737,11.0
3551800,11.0
3552094,11.0
3552303,15.0
3552355,11.0
3552386,15.0
3552501,18.0
3552635,15.0
3552748,16.0
3552802,15.0
3552910,11.0
3553088,11.0
3553139,11.0
3553260,16.0
3553266,16.0
3553338,11.0
3553780,11.0
3553932,11.0
3554750,11.0
3555059,11.0
3555175,11.0
3555534,11.0
3555627,15.0
3555901,11.0
3555910,11.0
3555947,11.0
3555956,11.0
3556313,24.0
3556335,24.0
3556337,24.0
3556347,24.0
3556483,11.0
3556544,11.0
3556546,11.0
3556551,11.0
3556561,11.0
3556596,11.0
3556694,11.0
3556707,11.0
3556715,11.0
3556718,11.0
3556837,11.0
3557572,11.0
3557634,11.0
3557682,21.0
3557783,21.0
3557920,15.0
3558429,11.0
3558517,11.0
3558534,11.0
3558555,11.0
3558605,21.0
3558614,21.0
3559152,15.0
3559219,11.0
3559684,11.0
3559688,11.0
3559703,11.0
3560060,11.0
3560233,11.0
3560344,21.0
3560642,11.0
3560725,21.0
3560729,21.0
3560781,11.0
3560790,11.0
3560803,11.0
3560871,18.0
3560873,18.0
3560877,18.0
3560880,18.0
3560882,18.0
3561098,11.0
3561099,11.0
3561100,11.0
3561105,11.0
3561113,11.0
3561238,16.0
3561272,15.0
3561484,24.0
3561813,21.0
3561987,21.0
3562176,21.0
3562488,11.0
3562662,11.0
3563073,11.0
3563749,15.0
3563852,15.0
3564798,11.0
3565050,16.0
3565264,11.0
3565583,11.0
3565585,11.0
3565673,11.0
3565707,11.0
3565764,11.0
3565768,11.0
3565990,11.0
3566471,11.0
3566473,11.0
3566475,11.0
3566669,15.0
3566672,15.0
3566729,11.0
3566975,11.0
3566977,11.0
3567038,15.0
3567163,11.0
3567203,11.0
3567211,11.0
3567215,11.0
3567221,11.0
3567225,11.0
3567390,11.0
3567715,11.0
3567823,11.0
3567827,11.0
3568044,11.0
3568047,11.0
3568325,21.0
3568367,11.0
3568383,11.0
3568600,11.0
3569143,21.0
3569307,15.0
3569671,21.0
3570041,11.0
3570055,11.0
3570206,15.0
3570424,11.0
3570428,11.0
3570432,11.0
3570445,11.0
3570711,16.0
3570993,15.0
3571401,11.0
3571436,11.0
3571458,24.0
3571465,24.0
3571534,15.0
3571641,11.0
3571898,11.0
3572116,15.0
3572125,15.0
3572133,15.0
3572138,15.0
3572226,15.0
3572266,15.0
3572414,16.0
3572418,16.0
3572423,16.0
3572470,16.0
3572481,15.0
3572587,11.0
3572622,11.0
3572756,11.0
3572892,11.0
3573111,11.0
3573333,11.0
3573334,11.0
3573336,11.0
3573555,15.0
3573642,15.0
3573645,15.0
3573728,24.0
3573799,11.0
3573907,11.0
3574431,11.0
3574481,11.0
3574676,11.0
3574684,11.0
3574685,11.0
3574692,11.0
3574799,11.0
3575241,11.0
3575636,21.0
3575906,21.0
3576560,11.0
3576684,11.0
3576701,11.0
3576874,16.0
3577384,15.0
3577442,16.0
3577451,11.0
